mes;zona;ambito;tipo;precio_m2;var_mensual;var_trimestral;var_anual;max_historico;fecha_max;dist_max
septiembre 2026;Chamberi;Chamberí;distrito;9159;-0,5%;-1,0%;+2,6%;9359;marzo 2026;-2,1%
septiembre 2026;Chamberi;Almagro;barrio;11141;-0,4%;+0,1%;-0,7%;11241;julio 2025;-0,9%
septiembre 2026;Chamberi;Arapiles;barrio;8225;+0,1%;-1,9%;+2,0%;8580;marzo 2026;-4,1%
septiembre 2026;Chamberi;Gaztambide;barrio;8265;+0,4%;-0,5%;+8,5%;8310;abril 2026;-0,5%
septiembre 2026;Chamberi;Ríos Rosas;barrio;8707;-0,8%;-0,9%;+3,6%;8913;febrero 2026;-2,3%
septiembre 2026;Chamberi;Trafalgar;barrio;9361;-1,1%;-0,2%;+6,7%;9537;mayo 2026;-1,9%
septiembre 2026;Chamberi;Vallehermoso;barrio;7692;+0,2%;-3,2%;+1,1%;8108;marzo 2026;-5,1%
septiembre 2026;Chamartin;Chamartín;distrito;8127;-1,2%;-2,1%;+4,6%;8343;mayo 2026;-2,6%
septiembre 2026;Chamartin;Castilla;barrio;7336;+0,7%;+2,5%;+9,4%;7375;abril 2026;-0,5%
septiembre 2026;Chamartin;Ciudad Jardín;barrio;7244;+0,4%;-1,6%;+3,0%;7451;febrero 2026;-2,8%
septiembre 2026;Chamartin;El Viso;barrio;9402;0,0%;-2,5%;+2,2%;9821;abril 2026;-4,3%
septiembre 2026;Chamartin;Hispanoamérica;barrio;8719;-0,6%;-0,4%;+12,1%;8774;agosto 2026;-0,6%
septiembre 2026;Chamartin;Nueva España;barrio;8409;-2,5%;-3,4%;+5,8%;8777;julio 2026;-4,2%
septiembre 2026;Chamartin;Prosperidad;barrio;7127;-1,7%;-3,7%;+2,9%;7539;mayo 2026;-5,5%
septiembre 2026;Malasana-Universidad;Centro;distrito;7771;+0,3%;0,0%;+3,7%;7794;mayo 2026;-0,3%
septiembre 2026;Malasana-Universidad;Universidad;barrio;7924;-0,3%;+0,4%;+3,3%;7949;agosto 2026;-0,3%
