mes;ambito;tipo;precio_m2;var_mensual;var_trimestral;var_anual;max_historico;fecha_max;dist_max
septiembre_2026;España;nacional;2930;+0,2%;+0,5%;+11,8%;2933;julio de 2026;-0,1%
septiembre_2026;Andalucía;comunidad;2952;+0,5%;+1,7%;+10,0%;2952;septiembre de 2026;0,0%
septiembre_2026;Aragón;comunidad;1689;-0,1%;+1,1%;+13,7%;2460;mayo de 2007;-31,3%
septiembre_2026;Asturias;comunidad;1892;+0,2%;+1,9%;+12,6%;2238;febrero de 2008;-15,5%
septiembre_2026;Baleares;comunidad;5593;0,0%;+0,7%;+4,1%;5595;agosto de 2026;0,0%
septiembre_2026;Canarias;comunidad;3349;+0,4%;-0,4%;+6,3%;3363;junio de 2026;-0,4%
septiembre_2026;Cantabria;comunidad;2408;+0,7%;+3,4%;+14,6%;2421;enero de 2008;-0,5%
septiembre_2026;Castilla y León;comunidad;1386;-0,2%;+1,5%;+12,0%;1695;julio de 2007;-18,2%
septiembre_2026;Castilla-La Mancha;comunidad;1157;0,0%;+1,5%;+15,5%;1759;julio de 2007;-34,2%
septiembre_2026;Cataluña;comunidad;3092;+0,4%;+0,9%;+12,2%;3147;mayo de 2007;-1,7%
septiembre_2026;Ceuta;comunidad;2698;-2,0%;-2,1%;+13,1%;2756;junio de 2026;-2,1%
septiembre_2026;Comunitat Valenciana;comunidad;2497;+0,3%;+1,3%;+10,1%;2497;septiembre de 2026;0,0%
septiembre_2026;Euskadi;comunidad;3805;+0,5%;+2,2%;+11,2%;3805;septiembre de 2026;0,0%
septiembre_2026;Extremadura;comunidad;1049;0,0%;-0,6%;+7,6%;1424;julio de 2007;-26,3%
septiembre_2026;Galicia;comunidad;1671;+0,3%;+1,4%;+10,3%;1912;noviembre de 2006;-12,6%
septiembre_2026;La Rioja;comunidad;1515;-0,2%;-0,3%;+6,5%;1985;julio de 2007;-23,7%
septiembre_2026;Madrid;comunidad;5065;+0,1%;-1,7%;+6,9%;5153;junio de 2026;-1,7%
septiembre_2026;Melilla;comunidad;2086;+1,2%;+2,3%;+4,0%;2086;septiembre de 2026;0,0%
septiembre_2026;Región de Murcia;comunidad;1689;+0,5%;+1,8%;+13,9%;2125;julio de 2006;-20,5%
septiembre_2026;Navarra;comunidad;1980;+0,2%;-0,7%;+10,1%;2202;septiembre de 2007;-10,1%
